Country,Happiness_rank,Happiness_score,GDP_per_capita,Social_support,Life_expectancy,Freedom,Generosity,Corruption,Year,id
Finland,1,7.8087,10.6393,0.9543,71.9008,0.9492,-0.0595,0.1954,2020,246
Finland,1,7.769,1.34,1.587,0.986,0.596,0.153,0.393,2019,246
Finland,1,7.632,1.305,1.592,0.874,0.681,0.202,0.393,2018,246
Finland,6,7.406,1.2902,1.3183,0.8891,0.6417,0.2335,0.4137,2015,246
Finland,5,7.413,1.406,1.1346,0.8109,0.571,0.2549,0.41,2016,246
Finland,5,7.469,1.4436,1.5402,0.8092,0.618,0.2455,0.3826,2017,246
Denmark,2,7.6456,10.774,0.956,72.4025,0.9514,0.0662,0.1685,2020,208
Denmark,2,7.6,1.383,1.573,0.996,0.592,0.252,0.41,2019,208
Denmark,3,7.555,1.351,1.59,0.868,0.683,0.284,0.408,2018,208
Denmark,3,7.527,1.3255,1.3606,0.8746,0.6494,0.3414,0.4836,2015,208
Denmark,1,7.526,1.4418,1.1637,0.795,0.5794,0.3617,0.4445,2016,208
Denmark,2,7.522,1.4824,1.5511,0.7926,0.626,0.3553,0.4008,2017,208
Switzerland,3,7.5599,10.9799,0.9428,74.1024,0.9213,0.1059,0.3037,2020,756
Switzerland,6,7.48,1.452,1.526,1.052,0.572,0.263,0.343,2019,756
Switzerland,5,7.487,1.42,1.549,0.927,0.66,0.256,0.357,2018,756
Switzerland,1,7.587,1.3965,1.3495,0.9414,0.6656,0.2968,0.4198,2015,756
Switzerland,2,7.509,1.5273,1.1452,0.863,0.5856,0.2808,0.412,2016,756
Switzerland,4,7.494,1.565,1.5169,0.8581,0.6201,0.2905,0.367,2017,756
Iceland,4,7.5045,10.7726,0.9747,73.0,0.9489,0.2469,0.7117,2020,352
Iceland,4,7.494,1.38,1.624,1.026,0.591,0.354,0.118,2019,352
Iceland,4,7.495,1.343,1.644,0.914,0.677,0.353,0.138,2018,352
Iceland,2,7.561,1.3023,1.4022,0.9478,0.6288,0.4363,0.1414,2015,352
Iceland,3,7.501,1.4267,1.1833,0.8673,0.5662,0.4768,0.1498,2016,352
Iceland,3,7.504,1.4806,1.6106,0.8336,0.6272,0.4755,0.1535,2017,352
Norway,5,7.488,11.0878,0.9525,73.2008,0.9558,0.1345,0.2632,2020,578
Norway,3,7.554,1.488,1.582,1.028,0.603,0.271,0.341,2019,578
Norway,2,7.594,1.456,1.582,0.861,0.686,0.286,0.34,2018,578
Norway,4,7.522,1.459,1.331,0.8852,0.6697,0.347,0.365,2015,578
Norway,4,7.498,1.5774,1.1269,0.7958,0.5961,0.379,0.3578,2016,578
Norway,1,7.537,1.6165,1.5335,0.7967,0.6354,0.362,0.316,2017,578
Netherlands,6,7.4489,10.8127,0.9391,72.3009,0.9085,0.2076,0.3647,2020,528
Netherlands,5,7.488,1.396,1.522,0.999,0.557,0.322,0.298,2019,528
Netherlands,6,7.441,1.361,1.488,0.878,0.638,0.333,0.295,2018,528
Netherlands,7,7.378,1.3294,1.2802,0.8928,0.6158,0.4761,0.3181,2015,528
Netherlands,7,7.339,1.4647,1.0291,0.8123,0.5521,0.4742,0.2993,2016,528
Netherlands,6,7.377,1.5039,1.4289,0.8107,0.5854,0.4705,0.2827,2017,528
Sweden,7,7.3535,10.7588,0.9263,72.6008,0.9391,0.1116,0.2509,2020,752
Sweden,7,7.343,1.387,1.487,1.009,0.574,0.267,0.373,2019,752
Sweden,9,7.314,1.355,1.501,0.913,0.659,0.285,0.383,2018,752
Sweden,8,7.364,1.3317,1.2891,0.9109,0.6598,0.3626,0.4384,2015,752
Sweden,10,7.291,1.4518,1.0876,0.8312,0.5822,0.3825,0.4087,2016,752
Sweden,9,7.284,1.4944,1.4782,0.8309,0.6129,0.3854,0.3844,2017,752
New Zealand,8,7.2996,10.5009,0.9491,73.2026,0.9362,0.1916,0.2211,2020,554
New Zealand,8,7.307,1.303,1.557,1.026,0.585,0.33,0.38,2019,554
New Zealand,8,7.324,1.268,1.601,0.876,0.669,0.365,0.389,2018,554
New Zealand,9,7.286,1.2502,1.3197,0.9084,0.6394,0.475,0.4292,2015,554
New Zealand,8,7.334,1.3607,1.1728,0.831,0.5815,0.494,0.419,2016,554
New Zealand,8,7.314,1.4057,1.5482,0.8168,0.6141,0.5,0.3828,2017,554
Austria,9,7.2942,10.7428,0.928,73.0025,0.9,0.0854,0.5,2020,40
Austria,10,7.246,1.376,1.475,1.016,0.532,0.244,0.226,2019,40
Austria,12,7.139,1.341,1.504,0.891,0.617,0.242,0.224,2018,40
Austria,13,7.2,1.3372,1.297,0.8904,0.6243,0.3309,0.1868,2015,40
Austria,12,7.119,1.4504,1.0838,0.8056,0.5436,0.3286,0.2135,2016,40
Austria,13,7.006,1.4871,1.4599,0.8153,0.5678,0.3165,0.2211,2017,40
Luxembourg,10,7.2375,11.4507,0.9069,72.6,0.9056,-0.0046,0.3671,2020,442
Luxembourg,14,7.09,1.609,1.479,1.012,0.526,0.194,0.316,2019,442
Luxembourg,17,6.91,1.576,1.52,0.896,0.632,0.196,0.321,2018,442
Luxembourg,17,6.946,1.5639,1.2196,0.9189,0.6158,0.2803,0.378,2015,442
Luxembourg,20,6.871,1.6975,1.04,0.8454,0.5487,0.2757,0.3533,2016,442
Luxembourg,18,6.863,1.7419,1.4576,0.8451,0.5966,0.2832,0.3188,2017,442
Canada,11,7.2321,10.6924,0.9272,73.6016,0.9339,0.1248,0.3908,2020,124
Canada,9,7.278,1.365,1.505,1.039,0.584,0.285,0.308,2019,124
Canada,7,7.328,1.33,1.532,0.896,0.653,0.321,0.291,2018,124
Canada,5,7.427,1.3263,1.3226,0.9056,0.633,0.4581,0.3296,2015,124
Canada,6,7.404,1.4402,1.0961,0.8276,0.5737,0.4483,0.3133,2016,124
Canada,7,7.316,1.4792,1.4813,0.8346,0.6111,0.4355,0.2874,2017,124
Australia,12,7.2228,10.7206,0.9449,73.6045,0.9154,0.1905,0.4152,2020,36
Australia,11,7.228,1.372,1.548,1.036,0.557,0.332,0.29,2019,36
Australia,10,7.272,1.34,1.573,0.91,0.647,0.361,0.302,2018,36
Australia,10,7.284,1.3336,1.3092,0.9316,0.6512,0.4356,0.3564,2015,36
Australia,9,7.313,1.4444,1.1048,0.8512,0.5684,0.4741,0.3233,2016,36
Australia,10,7.284,1.4844,1.51,0.8439,0.6016,0.4777,0.3012,2017,36
United Kingdom,13,7.1645,10.6001,0.9367,72.3016,0.8347,0.2637,0.4359,2020,826
United Kingdom,15,7.054,1.333,1.538,0.996,0.45,0.348,0.278,2019,826
United Kingdom,11,7.19,1.244,1.433,0.888,0.464,0.262,0.082,2018,826
United Kingdom,21,6.867,1.2664,1.2855,0.9094,0.5962,0.5191,0.3207,2015,826
United Kingdom,23,6.725,1.4028,1.0867,0.8099,0.5004,0.5016,0.274,2016,826
United Kingdom,19,6.714,1.4416,1.4965,0.8053,0.5082,0.4928,0.2654,2017,826
Israel,14,7.1286,10.4175,0.9136,73.2003,0.7476,0.1026,0.7809,2020,376
Israel,13,7.139,1.276,1.455,1.029,0.371,0.261,0.082,2019,376
Israel,19,6.814,1.301,1.559,0.883,0.533,0.354,0.272,2018,376
Israel,11,7.278,1.2286,1.2239,0.9139,0.4132,0.3317,0.0778,2015,376
Israel,11,7.267,1.3377,0.9954,0.8492,0.3643,0.3229,0.0873,2016,376
Israel,11,7.213,1.3754,1.3763,0.8384,0.406,0.3301,0.0852,2017,376
Costa Rica,15,7.1214,9.6582,0.9015,71.2999,0.9347,-0.1024,0.7863,2020,188
Costa Rica,12,7.167,1.034,1.441,0.963,0.558,0.144,0.093,2019,188
Costa Rica,13,7.072,1.01,1.459,0.817,0.632,0.143,0.101,2018,188
Costa Rica,12,7.226,0.9558,1.2379,0.8603,0.6338,0.255,0.1058,2015,188
Costa Rica,14,7.087,1.0688,1.0215,0.7615,0.5522,0.2255,0.1055,2016,188
Costa Rica,12,7.079,1.1097,1.4164,0.7595,0.5801,0.2146,0.1001,2017,188
Ireland,16,7.0937,11.161,0.9421,72.3008,0.887,0.1458,0.3572,2020,372
Ireland,16,7.021,1.499,1.553,0.999,0.516,0.298,0.31,2019,372
Ireland,14,6.977,1.448,1.583,0.876,0.614,0.307,0.306,2018,372
Ireland,18,6.94,1.336,1.3695,0.8953,0.6178,0.459,0.287,2015,372
Ireland,19,6.907,1.4834,1.1616,0.8146,0.5401,0.4496,0.2975,2016,372
Ireland,15,6.977,1.5357,1.5582,0.8098,0.5731,0.4279,0.2984,2017,372
Germany,17,7.0758,10.7328,0.8989,72.202,0.8674,0.0802,0.4564,2020,276
Germany,17,6.985,1.373,1.454,0.987,0.495,0.261,0.265,2019,276
Germany,15,6.965,1.34,1.474,0.861,0.586,0.273,0.28,2018,276
Germany,26,6.75,1.3279,1.2994,0.8919,0.6148,0.2821,0.2184,2015,276
Germany,16,6.994,1.4479,1.0977,0.8149,0.5347,0.3045,0.2855,2016,276
Germany,16,6.951,1.4879,1.4725,0.799,0.5625,0.3363,0.2767,2017,276
United States,18,6.9396,10.9258,0.9142,68.2995,0.8426,0.1499,0.6997,2020,840
United States,19,6.892,1.433,1.457,0.874,0.454,0.28,0.128,2019,840
United States,18,6.886,1.398,1.471,0.819,0.547,0.291,0.133,2018,840
United States,15,7.119,1.3945,1.2471,0.8618,0.546,0.401,0.1589,2015,840
United States,13,7.104,1.508,1.0478,0.779,0.4816,0.4108,0.1487,2016,840
United States,14,6.993,1.5463,1.4199,0.7743,0.5057,0.3926,0.1356,2017,840
Czech Republic,19,6.9109,10.4042,0.9144,70.0479,0.8185,-0.2309,0.8584,2020,203
Czech Republic,20,6.852,1.269,1.487,0.92,0.457,0.046,0.036,2019,203
Czech Republic,21,6.711,1.233,1.489,0.854,0.543,0.064,0.034,2018,203
Czech Republic,31,6.505,1.179,1.2064,0.8448,0.4636,0.1069,0.0265,2015,203
Czech Republic,27,6.596,1.3092,1.0079,0.7638,0.4142,0.0993,0.0399,2016,203
Czech Republic,23,6.609,1.3527,1.4339,0.7544,0.4909,0.0881,0.0369,2017,203
Belgium,20,6.8635,10.6736,0.9116,72.0016,0.8136,-0.0787,0.6123,2020,56
Belgium,18,6.923,1.356,1.504,0.986,0.473,0.16,0.21,2019,56
Belgium,16,6.927,1.324,1.483,0.894,0.583,0.188,0.24,2018,56
Belgium,19,6.937,1.3078,1.2857,0.8967,0.5845,0.2225,0.2254,2015,56
Belgium,18,6.929,1.4254,1.0525,0.8196,0.5135,0.2424,0.2625,2016,56
Belgium,17,6.891,1.4638,1.4623,0.8181,0.5398,0.2315,0.2513,2017,56
United Arab Emirates,21,6.7908,11.11,0.8492,67.0828,0.9413,0.1235,0.5945,2020,784
United Arab Emirates,21,6.825,1.503,1.31,0.825,0.598,0.262,0.182,2019,784
United Arab Emirates,20,6.774,2.096,0.776,0.67,0.284,0.186,,2018,784
United Arab Emirates,20,6.901,1.4273,1.1258,0.8092,0.6416,0.2643,0.3858,2015,784
United Arab Emirates,28,6.573,1.5735,0.8711,0.7299,0.5622,0.2659,0.3556,2016,784
United Arab Emirates,21,6.648,1.6263,1.2664,0.7268,0.6083,0.3609,0.3245,2017,784
Malta,22,6.7728,10.5338,0.9304,72.2,0.9249,0.215,0.6585,2020,470
Malta,22,6.726,1.3,1.52,0.999,0.564,0.375,0.151,2019,470
Malta,22,6.627,1.27,1.525,0.884,0.645,0.376,0.142,2018,470
Malta,37,6.302,1.2074,1.302,0.8872,0.6036,0.5175,0.1359,2015,470
Malta,30,6.488,1.3078,1.0988,0.8032,0.5499,0.5624,0.1755,2016,470
Malta,27,6.527,1.3433,1.4884,0.8219,0.5888,0.5747,0.1531,2017,470
France,23,6.6638,10.5842,0.9371,73.8019,0.8255,-0.1306,0.5835,2020,250
France,24,6.592,1.324,1.472,1.045,0.436,0.111,0.183,2019,250
France,23,6.489,1.293,1.466,0.908,0.52,0.098,0.176,2018,250
France,29,6.575,1.2778,1.2604,0.9458,0.5501,0.1233,0.2065,2015,250
France,32,6.478,1.3949,1.0051,0.838,0.4656,0.1216,0.1781,2016,250
France,31,6.442,1.4309,1.3878,0.8445,0.4702,0.1298,0.1725,2017,250
Mexico,24,6.465,9.7978,0.8387,68.299,0.8587,-0.1753,0.8068,2020,484
Mexico,23,6.595,1.07,1.323,0.861,0.433,0.074,0.073,2019,484
Mexico,24,6.488,1.038,1.252,0.761,0.479,0.069,0.095,2018,484
Mexico,14,7.187,1.0205,0.9145,0.8144,0.4818,0.1407,0.2131,2015,484
Mexico,21,6.778,1.1151,0.7146,0.7114,0.3771,0.1174,0.1836,2016,484
Mexico,25,6.578,1.1532,1.2109,0.71,0.4127,0.121,0.1328,2017,484
Taiwan,25,6.4554,10.7757,0.8943,69.6,0.7715,-0.0732,0.7319,2020,158
Taiwan,25,6.446,1.368,1.43,0.914,0.351,0.242,0.097,2019,158
Taiwan,26,6.441,1.365,1.436,0.857,0.418,0.151,0.078,2018,158
Taiwan,38,6.298,1.291,1.0762,0.8753,0.3974,0.2538,0.0813,2015,158
Taiwan,34,6.379,1.3973,0.9262,0.7956,0.3238,0.255,0.0663,2016,158
Taiwan,33,6.422,1.4336,1.3846,0.794,0.3615,0.2584,0.0638,2017,158
Uruguay,26,6.4401,9.9482,0.9228,69.0025,0.8924,-0.1011,0.636,2020,858
Uruguay,33,6.293,1.124,1.465,0.891,0.523,0.127,0.15,2019,858
Uruguay,31,6.379,1.093,1.459,0.771,0.625,0.13,0.155,2018,858
Uruguay,32,6.485,1.0617,1.2089,0.8116,0.6036,0.2324,0.2456,2015,858
Uruguay,29,6.545,1.1816,1.0314,0.7218,0.5439,0.1806,0.2139,2016,858
Uruguay,28,6.454,1.2176,1.4122,0.7192,0.5794,0.1751,0.1781,2017,858
Saudi Arabia,27,6.4065,10.7978,0.8741,66.3051,0.8542,-0.1687,0.6826,2020,682
Saudi Arabia,28,6.375,1.403,1.357,0.795,0.439,0.08,0.132,2019,682
Saudi Arabia,33,6.371,1.379,1.331,0.633,0.509,0.098,0.127,2018,682
Saudi Arabia,35,6.411,1.3954,1.0839,0.7202,0.3105,0.1371,0.3252,2015,682
Saudi Arabia,34,6.379,1.4895,0.8483,0.5927,0.379,0.1546,0.3001,2016,682
Saudi Arabia,37,6.344,1.5306,1.2867,0.5901,0.4498,0.1476,0.2734,2017,682
Spain,28,6.4009,10.4629,0.9211,74.4027,0.752,-0.051,0.7659,2020,724
Spain,30,6.354,1.286,1.484,1.062,0.362,0.153,0.079,2019,724
Spain,36,6.31,1.251,1.538,0.965,0.449,0.142,0.074,2018,724
Spain,36,6.329,1.2301,1.3138,0.9556,0.4595,0.1823,0.064,2015,724
Spain,37,6.361,1.3425,1.1294,0.879,0.3754,0.1766,0.0614,2016,724
Spain,34,6.403,1.3844,1.5321,0.889,0.4088,0.1901,0.0709,2017,724
Guatemala,29,6.3989,8.9248,0.8166,64.8089,0.9081,-0.0429,0.7832,2020,320
Guatemala,27,6.436,0.8,1.269,0.746,0.535,0.175,0.078,2019,320
Guatemala,30,6.382,0.781,1.268,0.608,0.604,0.179,0.071,2018,320
Guatemala,43,6.123,0.7455,1.0436,0.6442,0.5773,0.2749,0.0947,2015,320
Guatemala,39,6.324,0.8345,0.8712,0.5404,0.5038,0.2881,0.087,2016,320
Guatemala,29,6.454,0.872,1.2556,0.5402,0.5313,0.2835,0.0772,2017,320
Italy,30,6.3874,10.4818,0.8899,73.6017,0.6647,-0.0435,0.8734,2020,380
Italy,36,6.223,1.294,1.488,1.039,0.231,0.158,0.03,2019,380
Italy,47,6.0,1.264,1.501,0.946,0.281,0.137,0.028,2018,380
Italy,50,5.948,1.2511,1.1978,0.9545,0.2624,0.2282,0.029,2015,380
Italy,50,5.977,1.355,1.0417,0.851,0.1883,0.1668,0.0256,2016,380
Italy,48,5.964,1.3951,1.4449,0.8531,0.2565,0.1728,0.028,2017,380
Singapore,31,6.3771,11.3955,0.9103,76.8046,0.9266,0.0299,0.1098,2020,702
Singapore,34,6.262,1.572,1.463,1.141,0.556,0.271,0.453,2019,702
Singapore,34,6.343,1.529,1.451,1.008,0.631,0.261,0.457,2018,702
Singapore,24,6.798,1.5219,1.02,1.0252,0.5425,0.311,0.4921,2015,702
Singapore,22,6.739,1.6456,0.8676,0.9472,0.4877,0.3271,0.4699,2016,702
Singapore,26,6.572,1.6923,1.3538,0.9495,0.5498,0.346,0.4643,2017,702
Brazil,32,6.3756,9.5664,0.8967,66.4802,0.7998,-0.1018,0.7706,2020,76
Brazil,32,6.3,1.004,1.439,0.802,0.39,0.099,0.086,2019,76
Brazil,28,6.419,0.986,1.474,0.675,0.493,0.11,0.088,2018,76
Brazil,16,6.983,0.9812,1.2329,0.697,0.4905,0.1457,0.1752,2015,76
Brazil,17,6.952,1.0875,1.0394,0.6142,0.4042,0.1578,0.1417,2016,76
Brazil,22,6.635,1.1074,1.4313,0.6166,0.4375,0.1623,0.1111,2017,76
Slovenia,33,6.3634,10.3923,0.9396,71.103,0.9361,-0.0806,0.8171,2020,705
Slovenia,44,6.118,1.258,1.523,0.953,0.564,0.144,0.057,2019,705
Slovenia,51,5.948,1.219,1.506,0.856,0.633,0.16,0.051,2018,705
Slovenia,55,5.848,1.185,1.2738,0.8734,0.6086,0.2533,0.0379,2015,705
Slovenia,63,5.768,1.2995,1.0561,0.7915,0.5316,0.2574,0.0364,2016,705
Slovenia,62,5.758,1.3412,1.4525,0.7908,0.5726,0.2426,0.0451,2017,705
El Salvador,34,6.3483,8.9091,0.8061,66.1083,0.8338,-0.1211,0.7543,2020,222
El Salvador,35,6.253,0.794,1.242,0.789,0.43,0.093,0.074,2019,222
El Salvador,40,6.167,0.806,1.231,0.639,0.461,0.065,0.082,2018,222
El Salvador,42,6.13,0.7645,1.0251,0.6774,0.4035,0.1069,0.1178,2015,222
El Salvador,46,6.068,0.8737,0.8098,0.596,0.3727,0.0888,0.1061,2016,222
El Salvador,45,6.003,0.9098,1.1821,0.596,0.4325,0.0783,0.09,2017,222
Panama,36,6.3048,10.0342,0.9021,69.603,0.8804,-0.1539,0.8516,2020,591
Panama,31,6.321,1.149,1.442,0.91,0.516,0.109,0.054,2019,591
Panama,27,6.43,1.112,1.438,0.759,0.597,0.125,0.063,2018,591
Panama,25,6.786,1.0635,1.1985,0.7966,0.5421,0.2443,0.0927,2015,591
Panama,25,6.701,1.1831,0.9891,0.7084,0.4893,0.2418,0.0842,2016,591
Panama,30,6.452,1.2337,1.3732,0.7062,0.55,0.2106,0.071,2017,591
Slovakia,37,6.2806,10.3477,0.9225,68.9063,0.75,-0.1244,0.9181,2020,703
Slovakia,38,6.198,1.246,1.504,0.881,0.334,0.121,0.014,2019,703
Slovakia,39,6.173,1.21,1.537,0.776,0.354,0.118,0.014,2018,703
Slovakia,45,5.995,1.1689,1.27,0.789,0.3175,0.1689,0.0343,2015,703
Slovakia,45,6.078,1.2797,1.0827,0.7037,0.2339,0.1384,0.0295,2016,703
Slovakia,40,6.098,1.3254,1.5051,0.7127,0.2958,0.1365,0.0242,2017,703
Uzbekistan,38,6.2576,8.7404,0.9266,65.1076,0.975,0.2484,0.5015,2020,860
Uzbekistan,41,6.174,0.745,1.529,0.756,0.631,0.322,0.24,2019,860
Uzbekistan,44,6.096,0.719,1.584,0.605,0.724,0.328,0.259,2018,860
Uzbekistan,44,6.003,0.6324,1.3404,0.5977,0.6582,0.2284,0.3083,2015,860
Uzbekistan,49,5.987,0.7359,1.1681,0.5016,0.6085,0.3433,0.2833,2016,860
Uzbekistan,47,5.971,0.7864,1.549,0.4983,0.6582,0.416,0.2465,2017,860
Chile,39,6.2285,10.0321,0.8797,69.9006,0.7449,-0.0657,0.8382,2020,152
Chile,26,6.444,1.159,1.369,0.92,0.357,0.187,0.056,2019,152
Chile,25,6.476,1.131,1.331,0.808,0.431,0.197,0.061,2018,152
Chile,27,6.67,1.1072,1.1245,0.8586,0.4413,0.3336,0.1287,2015,152
Chile,24,6.705,1.2167,0.9059,0.8188,0.3779,0.316,0.1145,2016,152
Chile,20,6.652,1.2528,1.284,0.8195,0.3769,0.3267,0.0823,2017,152
Bahrain,40,6.2273,10.6764,0.8763,68.5,0.9059,0.1337,0.7393,2020,48
Bahrain,37,6.199,1.362,1.368,0.871,0.536,0.255,0.11,2019,48
Bahrain,43,6.105,1.338,1.366,0.698,0.594,0.243,0.123,2018,48
Bahrain,49,5.96,1.3238,1.2162,0.7472,0.4549,0.1736,0.306,2015,48
Bahrain,42,6.218,1.4402,0.944,0.657,0.4738,0.1715,0.2577,2016,48
Bahrain,41,6.087,1.4884,1.3231,0.6531,0.5367,0.1727,0.257,2017,48
Lithuania,41,6.2155,10.3436,0.9261,67.2941,0.7474,-0.2197,0.8096,2020,440
Lithuania,42,6.149,1.238,1.515,0.818,0.291,0.043,0.042,2019,440
Lithuania,50,5.952,1.197,1.527,0.716,0.35,0.026,0.006,2018,440
Lithuania,56,5.833,1.1472,1.2574,0.7313,0.2134,0.0264,0.0103,2015,440
Lithuania,60,5.813,1.2692,1.0641,0.6467,0.1893,0.0202,0.0182,2016,440
Lithuania,52,5.902,1.3146,1.4735,0.6289,0.2342,0.0102,0.0119,2017,440
Trinidad and Tobago,42,6.1919,10.26,0.9153,63.5,0.8579,0.0005,0.9122,2020,780
Trinidad and Tobago,39,6.192,1.231,1.477,0.713,0.489,0.185,0.016,2019,780
Trinidad and Tobago,38,6.192,1.223,1.492,0.564,0.575,0.171,0.019,2018,780
Trinidad and Tobago,41,6.168,1.2118,1.1835,0.6148,0.5588,0.3184,0.0114,2015,780
Trinidad and Tobago,43,6.168,1.3257,0.9857,0.5261,0.4845,0.3194,0.0124,2016,780
Trinidad and Tobago,38,6.168,1.3614,1.3802,0.52,0.5186,0.3253,0.009,2017,780
Poland,43,6.1863,10.2651,0.8743,69.3111,0.8621,-0.2051,0.6869,2020,616
Poland,40,6.182,1.206,1.438,0.884,0.483,0.117,0.05,2019,616
Poland,42,6.123,1.176,1.448,0.781,0.546,0.108,0.064,2018,616
Poland,60,5.791,1.1256,1.2795,0.779,0.5312,0.1676,0.0421,2015,616
Poland,57,5.835,1.2458,1.0468,0.6906,0.4519,0.1444,0.055,2016,616
Poland,46,5.973,1.2918,1.4457,0.6995,0.5203,0.1585,0.0593,2017,616
Colombia,44,6.1634,9.5004,0.8844,67.6996,0.8362,-0.1612,0.8646,2020,170
Colombia,43,6.125,0.985,1.41,0.841,0.47,0.099,0.034,2019,170
Colombia,37,6.26,0.96,1.439,0.635,0.531,0.099,0.039,2018,170
Colombia,33,6.477,0.9186,1.2402,0.6908,0.5347,0.184,0.0512,2015,170
Colombia,31,6.481,1.0303,1.0217,0.5966,0.4474,0.1563,0.054,2016,170
Colombia,36,6.357,1.0706,1.4022,0.595,0.4775,0.149,0.0467,2017,170
Cyprus,45,6.159,10.4057,0.806,73.7022,0.7799,0.0437,0.8563,2020,196
Cyprus,76,5.5355,10.4057,0.8204,73.7022,0.7953,0.0002,0.6261,2020,196
Cyprus,49,6.046,1.263,1.223,1.042,0.406,0.19,0.041,2019,196
Cyprus,64,5.718,1.263,1.252,1.042,0.417,0.191,0.162,2019,196
Cyprus,58,5.835,1.229,1.211,0.909,0.495,0.179,0.154,2018,196
Cyprus,61,5.762,1.229,1.191,0.909,0.423,0.202,0.035,2018,196
Cyprus,66,5.695,1.2081,1.0701,0.9236,0.4903,0.2617,0.1428,2015,196
Cyprus,67,5.689,1.2081,0.8932,0.9236,0.4067,0.3064,0.0615,2015,196
Cyprus,62,5.771,1.3114,0.8183,0.8414,0.436,0.2632,0.1658,2016,196
Cyprus,69,5.546,1.3186,0.707,0.8488,0.2951,0.2791,0.0523,2016,196
Cyprus,61,5.81,1.3469,1.1863,0.8346,0.4712,0.2668,0.1554,2017,196
Cyprus,65,5.621,1.3559,1.1314,0.8447,0.3551,0.2713,0.0412,2017,196
Nicaragua,46,6.1371,8.4932,0.8575,67.5072,0.8639,0.021,0.666,2020,558
Nicaragua,45,6.105,0.694,1.325,0.835,0.435,0.2,0.127,2019,558
Nicaragua,41,6.141,0.668,1.319,0.7,0.527,0.208,0.128,2018,558
Nicaragua,57,5.828,0.5933,1.1418,0.7431,0.5548,0.2782,0.1932,2015,558
Nicaragua,48,5.992,0.6938,0.8952,0.6521,0.4658,0.2977,0.1629,2016,558
Nicaragua,43,6.071,0.7373,1.2872,0.6531,0.4476,0.3017,0.1307,2017,558
Romania,47,6.1237,10.1076,0.8252,67.2072,0.8428,-0.1978,0.9343,2020,642
Romania,48,6.07,1.162,1.232,0.825,0.462,0.083,0.005,2019,642
Romania,52,5.945,1.116,1.219,0.726,0.528,0.088,0.001,2018,642
Romania,86,5.124,1.0434,0.8859,0.7689,0.3507,0.1375,0.0065,2015,642
Romania,71,5.528,1.1697,0.728,0.676,0.3671,0.1289,0.0068,2016,642
Romania,57,5.825,1.2177,1.1501,0.6852,0.457,0.1335,0.0044,2017,642
Kuwait,48,6.1021,11.0898,0.8465,66.7676,0.8724,-0.1002,0.7608,2020,414
Kuwait,51,6.021,1.5,1.319,0.808,0.493,0.142,0.097,2019,414
Kuwait,45,6.083,1.474,1.301,0.675,0.554,0.167,0.106,2018,414
Kuwait,39,6.295,1.5542,1.1659,0.7249,0.555,0.1623,0.2561,2015,414
Kuwait,41,6.239,1.6171,0.8776,0.6357,0.4317,0.1596,0.2367,2016,414
Kuwait,39,6.105,1.633,1.2597,0.6321,0.4963,0.2283,0.2152,2017,414
Mauritius,49,6.1013,9.9568,0.9104,66.4043,0.8895,-0.0183,0.8053,2020,480
Mauritius,57,5.888,1.12,1.402,0.798,0.498,0.215,0.06,2019,480
Mauritius,55,5.891,1.09,1.387,0.684,0.584,0.245,0.05,2018,480
Mauritius,71,5.477,1.0076,0.9852,0.7095,0.5607,0.3774,0.0752,2015,480
Mauritius,66,5.648,1.1437,0.757,0.6619,0.4614,0.3695,0.052,2016,480
Mauritius,64,5.629,1.1894,1.2096,0.638,0.4912,0.3609,0.0422,2017,480
Kazakhstan,50,6.0579,10.1147,0.9347,64.61,0.8116,-0.0685,0.7645,2020,398
Kazakhstan,60,5.809,1.173,1.508,0.729,0.41,0.146,0.096,2019,398
Kazakhstan,60,5.79,1.143,1.516,0.631,0.454,0.148,0.121,2018,398
Kazakhstan,54,5.855,1.1225,1.1224,0.6437,0.5165,0.1183,0.0845,2015,398
Kazakhstan,54,5.919,1.2294,0.9554,0.5739,0.4052,0.1501,0.1113,2016,398
Kazakhstan,60,5.819,1.2846,1.3844,0.606,0.4375,0.202,0.1193,2017,398
Estonia,51,6.0218,10.34,0.9347,68.605,0.8777,-0.1117,0.6231,2020,233
Estonia,55,5.893,1.237,1.528,0.874,0.495,0.103,0.161,2019,233
Estonia,63,5.739,1.2,1.532,0.737,0.553,0.086,0.174,2018,233
Estonia,73,5.429,1.1517,1.2279,0.7736,0.4489,0.0868,0.1518,2015,233
Estonia,72,5.517,1.2796,1.0516,0.681,0.4151,0.0842,0.1852,2016,233
Estonia,66,5.611,1.3209,1.4767,0.6952,0.4791,0.0989,0.1832,2017,233
Philippines,52,6.006,8.9935,0.8467,61.9268,0.9155,-0.1055,0.7336,2020,608
Philippines,69,5.631,0.807,1.293,0.657,0.558,0.117,0.107,2019,608
Philippines,71,5.524,0.775,1.312,0.513,0.643,0.12,0.105,2018,608
Philippines,90,5.073,0.7053,1.0352,0.5811,0.6254,0.2499,0.1228,2015,608
Philippines,82,5.279,0.8122,0.8788,0.4704,0.5485,0.2167,0.1176,2016,608
Philippines,72,5.43,0.8577,1.2539,0.468,0.5852,0.1935,0.0993,2017,608
Hungary,53,6.0004,10.2492,0.9219,67.61,0.719,-0.1943,0.8929,2020,348
Hungary,62,5.758,1.201,1.41,0.828,0.199,0.081,0.02,2019,348
Hungary,69,5.62,1.171,1.401,0.732,0.259,0.061,0.022,2018,348
Hungary,104,4.8,1.1209,1.2022,0.759,0.3211,0.128,0.0276,2015,348
Hungary,91,5.145,1.2414,0.9316,0.6761,0.1977,0.099,0.0447,2016,348
Hungary,75,5.324,1.286,1.3431,0.6878,0.1759,0.0784,0.0366,2017,348
Thailand,54,5.9988,9.7418,0.89,67.2506,0.9051,0.2687,0.8863,2020,764
Thailand,52,6.008,1.05,1.409,0.828,0.557,0.359,0.028,2019,764
Thailand,46,6.072,1.016,1.417,0.707,0.637,0.364,0.029,2018,764
Thailand,34,6.455,0.9669,1.265,0.7385,0.5566,0.5763,0.0319,2015,764
Thailand,33,6.474,1.0893,1.0448,0.6492,0.4955,0.587,0.0283,2016,764
Thailand,32,6.424,1.1279,1.4258,0.6472,0.5802,0.5721,0.0316,2017,764
Argentina,55,5.9747,9.811,0.9006,68.8038,0.8311,-0.1949,0.842,2020,32
Argentina,47,6.086,1.092,1.432,0.881,0.471,0.066,0.05,2019,32
Argentina,29,6.388,1.073,1.468,0.744,0.57,0.062,0.054,2018,32
Argentina,30,6.574,1.0535,1.2482,0.7872,0.4497,0.1145,0.0848,2015,32
Argentina,26,6.65,1.1514,1.0661,0.6971,0.4228,0.1099,0.073,2016,32
Argentina,24,6.599,1.1853,1.4405,0.6951,0.4945,0.1095,0.0597,2017,32
Honduras,56,5.9532,8.4245,0.8219,67.1988,0.8706,0.087,0.8011,2020,340
Honduras,59,5.86,0.642,1.236,0.828,0.507,0.246,0.078,2019,340
Honduras,72,5.504,0.62,1.205,0.622,0.459,0.197,0.074,2018,340
Honduras,105,4.788,0.5953,0.9535,0.6951,0.4015,0.2303,0.0682,2015,340
Honduras,104,4.871,0.6943,0.756,0.5838,0.2676,0.2044,0.0691,2016,340
Honduras,91,5.181,0.7306,1.1439,0.5826,0.3481,0.2362,0.0733,2017,340
Latvia,57,5.95,10.1753,0.9183,66.8075,0.6712,-0.1869,0.7956,2020,428
Latvia,53,5.94,1.187,1.465,0.812,0.264,0.075,0.064,2019,428
Latvia,53,5.933,1.148,1.454,0.671,0.363,0.092,0.066,2018,428
Latvia,89,5.098,1.1131,1.0956,0.7244,0.2967,0.1823,0.0633,2015,428
Latvia,68,5.56,1.2179,0.9502,0.6395,0.28,0.1744,0.0889,2016,428
Latvia,54,5.85,1.2607,1.4047,0.6386,0.3257,0.1531,0.0738,2017,428
Ecuador,58,5.9252,9.2461,0.8364,68.5,0.8598,-0.127,0.8012,2020,218
Ecuador,50,6.028,0.912,1.312,0.868,0.498,0.126,0.087,2019,218
Ecuador,48,5.973,0.889,1.33,0.736,0.556,0.114,0.12,2018,218
Ecuador,48,5.975,0.864,0.999,0.7907,0.4857,0.1154,0.1809,2015,218
Ecuador,51,5.976,0.9731,0.8597,0.6861,0.4027,0.1007,0.1804,2016,218
Ecuador,44,6.008,1.0008,1.2862,0.6856,0.4552,0.1501,0.1401,2017,218
Portugal,59,5.9109,10.2637,0.8866,72.402,0.8887,-0.2207,0.8926,2020,620
Portugal,66,5.693,1.221,1.431,0.999,0.508,0.047,0.025,2019,620
Portugal,77,5.41,1.188,1.429,0.884,0.562,0.055,0.017,2018,620
Portugal,88,5.102,1.1599,1.1394,0.8752,0.5147,0.1372,0.0108,2015,620
Portugal,94,5.123,1.2761,0.9437,0.7936,0.4473,0.1169,0.0152,2016,620
Portugal,89,5.195,1.3152,1.367,0.7958,0.4985,0.0951,0.0159,2017,620
Jamaica,60,5.8898,9.0063,0.9157,67.1,0.8581,-0.1251,0.8889,2020,388
Jamaica,56,5.89,0.831,1.478,0.831,0.49,0.107,0.028,2019,388
Jamaica,56,5.89,0.819,1.493,0.693,0.575,0.096,0.031,2018,388
Jamaica,65,5.709,0.8104,1.151,0.6874,0.5044,0.2123,0.023,2015,388
Jamaica,73,5.51,0.8933,0.9637,0.5947,0.436,0.2224,0.0429,2016,388
Jamaica,76,5.311,0.9256,1.3682,0.641,0.4743,0.2338,0.0553,2017,388
South Korea,61,5.8724,10.5106,0.7994,73.6027,0.613,-0.0434,0.7891,2020,410
South Korea,54,5.895,1.301,1.219,1.036,0.159,0.175,0.056,2019,410
South Korea,57,5.875,1.266,1.204,0.955,0.244,0.175,0.051,2018,410
South Korea,47,5.984,1.2446,0.9577,0.9654,0.3321,0.1856,0.0786,2015,410
South Korea,57,5.835,1.3595,0.7219,0.8864,0.2517,0.1882,0.0772,2016,410
South Korea,55,5.838,1.4017,1.1283,0.9002,0.2579,0.2067,0.0633,2017,410
Japan,62,5.8708,10.5797,0.8835,75.001,0.81,-0.2469,0.6546,2020,392
Japan,58,5.886,1.327,1.419,1.088,0.445,0.069,0.14,2019,392
Japan,54,5.915,1.294,1.462,0.988,0.553,0.079,0.15,2018,392
Japan,46,5.987,1.2707,1.2571,0.9911,0.4962,0.107,0.1806,2015,392
Japan,53,5.921,1.3801,1.0605,0.9149,0.4676,0.1022,0.1898,2016,392
Japan,51,5.92,1.4169,1.4363,0.9135,0.5056,0.1206,0.1638,2017,392
Peru,63,5.7968,9.4563,0.8311,68.1002,0.8248,-0.1624,0.8937,2020,604
Peru,65,5.697,0.96,1.274,0.854,0.455,0.083,0.027,2019,604
Peru,65,5.663,0.934,1.249,0.674,0.53,0.092,0.034,2018,604
Peru,58,5.824,0.9002,0.9746,0.7302,0.415,0.1498,0.0599,2015,604
Peru,64,5.743,0.996,0.8126,0.6299,0.375,0.1453,0.0529,2016,604
Peru,63,5.715,1.0352,1.2188,0.6302,0.45,0.1268,0.047,2017,604
Serbia,64,5.7782,9.681,0.8815,68.2102,0.7265,-0.0737,0.8435,2020,688
Serbia,70,5.603,1.004,1.383,0.854,0.282,0.137,0.039,2019,688
Serbia,78,5.398,0.975,1.369,0.685,0.288,0.134,0.043,2018,688
Serbia,87,5.123,0.9205,1.0096,0.7484,0.2011,0.1923,0.0262,2015,688
Serbia,86,5.177,1.0344,0.8133,0.6458,0.1572,0.2074,0.0434,2016,688
Serbia,73,5.395,1.0693,1.2582,0.6508,0.2087,0.2201,0.0409,2017,688
Bolivia,65,5.7475,8.8511,0.8031,63.6005,0.8759,-0.0917,0.8226,2020,68
Bolivia,61,5.779,0.776,1.209,0.706,0.511,0.137,0.064,2019,68
Bolivia,62,5.752,0.751,1.223,0.508,0.606,0.141,0.054,2018,68
Bolivia,51,5.89,0.6813,0.9784,0.5392,0.5741,0.2054,0.088,2015,68
Bolivia,59,5.822,0.7942,0.8378,0.4697,0.5096,0.217,0.0775,2016,68
Bolivia,58,5.823,0.8338,1.2276,0.4736,0.5587,0.2256,0.0605,2017,68
Pakistan,66,5.6933,8.4827,0.6891,58.2531,0.7348,0.0449,0.7457,2020,586
Pakistan,67,5.653,0.677,0.886,0.535,0.313,0.22,0.098,2019,586
Pakistan,75,5.472,0.652,0.81,0.424,0.334,0.216,0.113,2018,586
Pakistan,81,5.194,0.5954,0.4141,0.5147,0.121,0.3367,0.1046,2015,586
Pakistan,92,5.132,0.6882,0.2614,0.4031,0.1462,0.3118,0.1388,2016,586
Pakistan,80,5.269,0.7269,0.6727,0.402,0.2352,0.3154,0.1243,2017,586
Paraguay,67,5.6921,9.39,0.8987,65.6399,0.8859,0.008,0.8348,2020,600
Paraguay,63,5.743,0.855,1.475,0.777,0.514,0.184,0.08,2019,600
Paraguay,64,5.681,0.835,1.522,0.615,0.541,0.162,0.074,2018,600
Paraguay,53,5.878,0.7598,1.3048,0.661,0.539,0.3424,0.0824,2015,600
Paraguay,70,5.538,0.8937,1.1111,0.583,0.4624,0.253,0.074,2016,600
Paraguay,70,5.493,0.9325,1.5073,0.5793,0.4735,0.2242,0.0911,2017,600
Dominican Republic,68,5.6892,9.6649,0.8821,65.8075,0.8662,-0.1313,0.756,2020,214
Dominican Republic,77,5.425,1.015,1.401,0.779,0.497,0.113,0.101,2019,214
Dominican Republic,83,5.302,0.982,1.441,0.614,0.578,0.12,0.106,2018,214
Dominican Republic,98,4.885,0.8954,1.172,0.6682,0.5767,0.2168,0.1423,2015,214
Dominican Republic,89,5.155,1.0279,0.995,0.5767,0.5226,0.2129,0.1237,2016,214
Dominican Republic,86,5.23,1.0794,1.4024,0.5749,0.5526,0.187,0.1139,2017,214
Bosnia and Herzegovina,69,5.6741,9.4558,0.8292,67.8081,0.6514,0.0983,0.9338,2020,70
Bosnia and Herzegovina,78,5.386,0.945,1.212,0.845,0.212,0.263,0.006,2019,70
Bosnia and Herzegovina,93,5.129,0.915,1.078,0.758,0.28,0.216,0.0,2018,70
Bosnia and Herzegovina,96,4.949,0.8322,0.9192,0.7908,0.0924,0.2481,0.0023,2015,70
Bosnia and Herzegovina,87,5.163,0.9338,0.6437,0.7077,0.0951,0.2989,0.0,2016,70
Bosnia and Herzegovina,90,5.182,0.9824,1.0693,0.7052,0.2044,0.3289,0.0,2017,70
Moldova,70,5.6075,8.7767,0.8433,65.013,0.7216,-0.0377,0.9133,2020,498
Moldova,71,5.529,0.685,1.328,0.739,0.245,0.181,0.0,2019,498
Moldova,67,5.64,0.657,1.301,0.62,0.232,0.171,0.0,2018,498
Moldova,52,5.889,0.5945,1.0153,0.6183,0.3282,0.2095,0.0162,2015,498
Moldova,55,5.897,0.6918,0.8313,0.5231,0.252,0.2,0.019,2016,498
Moldova,56,5.838,0.7289,1.2518,0.5895,0.2407,0.2088,0.0101,2017,498
Tajikistan,71,5.5557,8.0248,0.8353,64.1046,0.8314,-0.0251,0.5921,2020,762
Tajikistan,74,5.467,0.493,1.098,0.718,0.389,0.23,0.144,2019,762
Tajikistan,88,5.199,0.474,1.166,0.598,0.292,0.187,0.034,2018,762
Tajikistan,106,4.786,0.3905,0.8556,0.5738,0.4722,0.2297,0.1507,2015,762
Tajikistan,100,4.996,0.4884,0.756,0.5312,0.4341,0.26,0.1351,2016,762
Tajikistan,96,5.041,0.5247,1.2715,0.5292,0.4716,0.249,0.1464,2017,762
Montenegro,72,5.5461,9.7519,0.8553,68.5053,0.6496,-0.0756,0.7831,2020,499
Montenegro,73,5.523,1.051,1.361,0.871,0.197,0.142,0.08,2019,499
Montenegro,81,5.347,1.017,1.279,0.729,0.259,0.111,0.081,2018,499
Montenegro,82,5.192,0.9744,0.9056,0.7252,0.1826,0.1614,0.143,2015,499
Montenegro,88,5.161,1.0784,0.7417,0.6353,0.1511,0.1719,0.1272,2016,499
Montenegro,83,5.237,1.1211,1.2384,0.6675,0.195,0.1979,0.0882,2017,499
Russia,73,5.546,10.1289,0.9032,64.1005,0.7299,-0.1512,0.8648,2020,643
Russia,68,5.648,1.183,1.452,0.726,0.334,0.082,0.031,2019,643
Russia,59,5.81,1.151,1.479,0.599,0.399,0.065,0.025,2018,643
Russia,64,5.716,1.1376,1.2362,0.6693,0.3668,0.002,0.03,2015,643
Russia,56,5.856,1.2323,1.0526,0.5899,0.3268,0.0274,0.0359,2016,643
Russia,49,5.963,1.2818,1.4693,0.5473,0.3738,0.0523,0.033,2017,643
Kyrgyzstan,74,5.5415,8.1484,0.8872,64.106,0.9094,0.1548,0.8884,2020,417
Kyrgyzstan,86,5.261,0.551,1.438,0.723,0.508,0.3,0.023,2019,417
Kyrgyzstan,92,5.131,0.53,1.416,0.594,0.54,0.281,0.035,2018,417
Kyrgyzstan,77,5.286,0.4743,1.1511,0.6509,0.4348,0.3003,0.0423,2015,417
Kyrgyzstan,85,5.185,0.5604,0.9543,0.5545,0.4021,0.3843,0.0476,2016,417
Kyrgyzstan,98,5.004,0.5962,1.3942,0.5535,0.4549,0.4286,0.0394,2017,417
Belarus,75,5.5399,9.7799,0.9067,66.1043,0.6392,-0.1649,0.6357,2020,112
Belarus,81,5.323,1.067,1.465,0.789,0.235,0.094,0.142,2019,112
Belarus,73,5.483,1.039,1.498,0.7,0.307,0.101,0.154,2018,112
Belarus,59,5.813,1.0319,1.2329,0.7361,0.3794,0.1105,0.1909,2015,112
Belarus,61,5.802,1.1306,1.0499,0.631,0.2909,0.1394,0.1746,2016,112
Belarus,67,5.569,1.1566,1.4449,0.6377,0.2954,0.1551,0.1563,2017,112
Greece,77,5.515,10.1323,0.8144,72.4053,0.5413,-0.3009,0.8599,2020,300
Greece,82,5.287,1.181,1.156,0.999,0.067,0.0,0.034,2019,300
Greece,79,5.358,1.154,1.202,0.879,0.131,0.0,0.044,2018,300
Greece,102,4.857,1.1541,0.9293,0.8821,0.077,0.0,0.014,2015,300
Greece,99,5.033,1.2489,0.7547,0.8003,0.0582,0.0,0.0413,2016,300
Greece,87,5.227,1.2895,1.2394,0.8102,0.0957,0.0,0.0433,2017,300
Hong Kong,78,5.5104,10.9347,0.846,76.7717,0.7798,0.135,0.4206,2020,344
Hong Kong,76,5.43,1.438,1.277,1.122,0.44,0.258,0.287,2019,344
Hong Kong,76,5.43,1.405,1.29,1.03,0.524,0.246,0.291,2018,344
Hong Kong,72,5.474,1.386,1.0582,1.0133,0.5961,0.3948,0.3712,2015,344
Hong Kong,75,5.458,1.5107,0.8702,0.9528,0.4808,0.401,0.3165,2016,344
Hong Kong,71,5.472,1.5517,1.2628,0.9431,0.491,0.3745,0.2939,2017,344
Croatia,79,5.5047,10.0709,0.8746,70.2149,0.7148,-0.1285,0.9165,2020,191
Croatia,75,5.432,1.155,1.266,0.914,0.296,0.119,0.022,2019,191
Croatia,82,5.321,1.115,1.161,0.737,0.38,0.12,0.039,2018,191
Croatia,62,5.759,1.0825,0.7962,0.788,0.2588,0.0544,0.0243,2015,191
Croatia,74,5.488,1.1865,0.6081,0.7052,0.2391,0.1843,0.04,2016,191
Croatia,77,5.293,1.2226,0.968,0.7013,0.2558,0.248,0.0431,2017,191
Libya,80,5.4888,9.7898,0.8259,62.3,0.7732,-0.0851,0.6688,2020,434
Libya,72,5.525,1.044,1.303,0.673,0.416,0.133,0.152,2019,434
Libya,70,5.566,0.985,1.35,0.553,0.496,0.116,0.148,2018,434
Libya,63,5.754,1.1314,1.1186,0.7038,0.4167,0.183,0.1102,2015,434
Libya,67,5.615,1.0669,0.9508,0.523,0.4067,0.1709,0.1034,2016,434
Libya,68,5.525,1.1018,1.3576,0.5202,0.4657,0.1521,0.0926,2017,434
Mongolia,81,5.4562,9.4122,0.9371,62.3045,0.6934,0.0981,0.8635,2020,496
Mongolia,83,5.285,0.948,1.531,0.667,0.317,0.235,0.038,2019,496
Mongolia,94,5.125,0.914,1.517,0.575,0.395,0.253,0.032,2018,496
Mongolia,100,4.874,0.8282,1.3006,0.6027,0.4363,0.3323,0.0267,2015,496
Mongolia,101,4.907,0.9885,1.0898,0.5547,0.3597,0.3454,0.0328,2016,496
Mongolia,100,4.955,1.0272,1.493,0.5578,0.3941,0.3385,0.0329,2017,496
Malaysia,82,5.3843,10.2625,0.8165,67.1022,0.8946,0.1147,0.8393,2020,458
Malaysia,80,5.339,1.221,1.171,0.828,0.508,0.26,0.024,2019,458
Malaysia,35,6.322,1.161,1.258,0.669,0.356,0.311,0.059,2018,458
Malaysia,61,5.77,1.1249,1.0702,0.7239,0.5302,0.3308,0.105,2015,458
Malaysia,47,6.005,1.2514,0.8802,0.6237,0.3903,0.4147,0.0908,2016,458
Malaysia,42,6.084,1.2912,1.2846,0.6188,0.4023,0.4166,0.0656,2017,458
Vietnam,83,5.3535,8.8095,0.85,67.9527,0.9396,-0.0945,0.7964,2020,704
Vietnam,94,5.175,0.741,1.346,0.851,0.543,0.147,0.073,2019,704
Vietnam,95,5.103,0.715,1.365,0.702,0.618,0.177,0.079,2018,704
Vietnam,75,5.36,0.6322,0.9123,0.7468,0.5944,0.1686,0.1044,2015,704
Vietnam,96,5.061,0.7404,0.7912,0.6616,0.5595,0.2507,0.1156,2016,704
Vietnam,94,5.074,0.7885,1.2775,0.6522,0.5711,0.235,0.0876,2017,704
Indonesia,84,5.2856,9.3698,0.8084,62.1558,0.8706,0.5196,0.8763,2020,360
Indonesia,92,5.192,0.931,1.203,0.66,0.491,0.498,0.028,2019,360
Indonesia,96,5.093,0.899,1.215,0.522,0.538,0.484,0.018,2018,360
Indonesia,74,5.399,0.8283,1.0871,0.6379,0.4661,0.5154,0.0,2015,360
Indonesia,79,5.314,0.951,0.8762,0.4937,0.3924,0.5652,0.0032,2016,360
Indonesia,81,5.262,0.9955,1.2744,0.4923,0.4433,0.6117,0.0153,2017,360
Ivory Coast,85,5.2333,8.2256,0.658,49.5038,0.7279,-0.044,0.7908,2020,384
Ivory Coast,99,4.944,0.569,0.808,0.232,0.352,0.154,0.09,2019,384
Ivory Coast,107,4.671,0.541,0.872,0.08,0.467,0.146,0.103,2018,384
Ivory Coast,151,3.655,0.4653,0.7712,0.1519,0.4687,0.2016,0.1792,2015,384
Ivory Coast,139,3.916,0.5551,0.5758,0.0448,0.4066,0.2034,0.1553,2016,384
Ivory Coast,128,4.18,0.603,0.9048,0.0486,0.4477,0.2012,0.1301,2017,384
Benin,86,5.216,7.6743,0.4687,54.3125,0.7352,-0.0035,0.7405,2020,204
Benin,102,4.883,0.393,0.437,0.397,0.349,0.175,0.082,2019,204
Benin,136,4.141,0.378,0.372,0.24,0.44,0.163,0.067,2018,204
Benin,155,3.34,0.2866,0.3539,0.3191,0.4845,0.1826,0.0801,2015,204
Benin,153,3.484,0.395,0.1042,0.2103,0.3975,0.2018,0.0668,2016,204
Benin,143,3.657,0.4311,0.4353,0.2099,0.426,0.2079,0.0609,2017,204
Maldives,87,5.1976,9.5186,0.9132,70.6,0.854,0.0381,0.8242,2020,462
Congo (Brazzaville),88,5.1944,8.537,0.6402,57.9245,0.7191,-0.1237,0.7518,2020,180
Congo (Brazzaville),103,4.812,0.673,0.799,0.508,0.372,0.105,0.093,2019,180
Congo (Brazzaville),114,4.559,0.682,0.811,0.343,0.514,0.091,0.077,2018,180
Congo (Brazzaville),139,3.989,0.6787,0.6629,0.3105,0.4147,0.1239,0.1169,2015,180
Congo (Brazzaville),127,4.236,0.7711,0.478,0.2821,0.3794,0.1208,0.0975,2016,180
Congo (Brazzaville),124,4.291,0.809,0.832,0.29,0.435,0.1209,0.0796,2017,180
Azerbaijan,89,5.1648,9.6877,0.8193,65.5084,0.7868,-0.2403,0.5525,2020,31
Azerbaijan,90,5.208,1.043,1.147,0.769,0.351,0.035,0.182,2019,31
Azerbaijan,87,5.201,1.024,1.161,0.603,0.43,0.031,0.176,2018,31
Azerbaijan,80,5.212,1.0239,0.9379,0.6404,0.3703,0.078,0.1606,2015,31
Azerbaijan,81,5.291,1.1237,0.7604,0.545,0.3533,0.0564,0.1791,2016,31
Azerbaijan,85,5.234,1.1536,1.1524,0.5408,0.3982,0.0453,0.181,2017,31
North Macedonia,90,5.1598,9.5106,0.8204,67.5044,0.7388,-0.0199,0.8975,2020,807
North Macedonia,84,5.274,0.983,1.294,0.838,0.345,0.185,0.034,2019,807
North Macedonia,89,5.185,0.959,1.239,0.691,0.394,0.173,0.052,2018,807
North Macedonia,93,5.007,0.9185,1.0023,0.7355,0.3346,0.2236,0.0533,2015,807
North Macedonia,95,5.121,1.0193,0.7824,0.6474,0.2767,0.2351,0.0705,2016,807
North Macedonia,92,5.175,1.0646,1.2079,0.6449,0.3259,0.2538,0.0603,2017,807
Ghana,91,5.148,8.3506,0.7286,57.204,0.7948,0.0942,0.848,2020,288
Ghana,98,4.996,0.611,0.868,0.486,0.381,0.245,0.04,2019,288
Ghana,108,4.657,0.592,0.896,0.337,0.499,0.212,0.029,2018,288
Ghana,114,4.633,0.5456,0.6795,0.4013,0.4234,0.2309,0.0436,2015,288
Ghana,124,4.276,0.6311,0.4935,0.2968,0.4097,0.212,0.0326,2016,288
Ghana,131,4.12,0.6672,0.8737,0.2956,0.423,0.2569,0.0253,2017,288
Nepal,92,5.1372,7.9254,0.7855,63.7792,0.7976,0.1542,0.7381,2020,524
Nepal,100,4.913,0.446,1.226,0.677,0.439,0.285,0.089,2019,524
Nepal,101,4.88,0.425,1.228,0.539,0.526,0.302,0.078,2018,524
Nepal,121,4.514,0.36,0.8645,0.5687,0.3828,0.323,0.0591,2015,524
Nepal,107,4.793,0.4463,0.697,0.5007,0.3701,0.3816,0.0701,2016,524
Nepal,99,4.962,0.4798,1.1793,0.5041,0.4403,0.3941,0.073,2017,524
Turkey,93,5.1318,10.1294,0.8263,66.9028,0.6088,-0.171,0.7482,2020,792
Turkey,79,5.373,1.183,1.36,0.808,0.195,0.083,0.106,2019,792
Turkey,74,5.483,1.148,1.38,0.686,0.324,0.106,0.109,2018,792
Turkey,76,5.332,1.061,0.9463,0.7317,0.2282,0.1225,0.1575,2015,792
Turkey,78,5.389,1.1649,0.8772,0.6472,0.2389,0.0471,0.1235,2016,792
Turkey,69,5.5,1.1983,1.3378,0.6376,0.3007,0.0467,0.0997,2017,792
China,94,5.1239,9.6886,0.7988,69.2892,0.8985,-0.1814,0.754,2020,156
China,93,5.191,1.029,1.125,0.893,0.521,0.058,0.1,2019,156
China,86,5.246,0.989,1.142,0.799,0.597,0.029,0.103,2018,156
China,84,5.14,0.8901,0.9468,0.8166,0.517,0.0819,0.0278,2015,156
China,83,5.245,1.0278,0.7938,0.7356,0.4401,0.0496,0.0274,2016,156
China,79,5.273,1.0812,1.1608,0.7414,0.4728,0.0288,0.0228,2017,156
Turkmenistan,95,5.1191,9.748,0.959,62.2117,0.8265,0.1877,0.8837,2020,795
Turkmenistan,87,5.247,1.052,1.538,0.657,0.394,0.244,0.028,2019,795
Turkmenistan,68,5.636,1.016,1.533,0.517,0.417,0.199,0.037,2018,795
Turkmenistan,70,5.548,0.9585,1.2267,0.5389,0.4761,0.1698,0.3084,2015,795
Turkmenistan,65,5.658,1.0802,1.0382,0.4401,0.3741,0.2257,0.2847,2016,795
Turkmenistan,59,5.822,1.1308,1.4931,0.4377,0.4183,0.2499,0.2593,2017,795
Bulgaria,96,5.1015,9.8693,0.9378,66.804,0.7452,-0.1439,0.9356,2020,100
Bulgaria,97,5.011,1.092,1.513,0.815,0.311,0.081,0.004,2019,100
Bulgaria,100,4.933,1.054,1.515,0.712,0.359,0.064,0.009,2018,100
Bulgaria,134,4.218,1.0122,1.1061,0.7665,0.3059,0.1192,0.0087,2015,100
Bulgaria,129,4.217,1.1131,0.9254,0.6781,0.2122,0.1279,0.0062,2016,100
Bulgaria,105,4.714,1.1615,1.4344,0.7082,0.2892,0.1132,0.0111,2017,100
Morocco,97,5.0948,8.9403,0.5926,65.8962,0.7721,-0.2404,0.8157,2020,504
Morocco,89,5.208,0.801,0.782,0.782,0.418,0.036,0.076,2019,504
Morocco,85,5.254,0.779,0.797,0.669,0.46,0.026,0.074,2018,504
Morocco,92,5.013,0.7348,0.641,0.6095,0.4169,0.0717,0.0855,2015,504
Morocco,90,5.151,0.8406,0.386,0.5947,0.2565,0.0405,0.084,2016,504
Morocco,84,5.235,0.8781,0.7749,0.5977,0.4082,0.0322,0.0878,2017,504
Cameroon,98,5.0849,8.1186,0.7004,52.7049,0.7631,-0.0015,0.8513,2020,120
Cameroon,96,5.044,0.549,0.91,0.331,0.381,0.187,0.037,2019,120
Cameroon,99,4.975,0.535,0.891,0.182,0.454,0.183,0.043,2018,120
Cameroon,133,4.252,0.4225,0.8877,0.234,0.4931,0.2062,0.0579,2015,120
Cameroon,114,4.513,0.525,0.6254,0.127,0.4274,0.2268,0.0613,2016,120
Cameroon,107,4.695,0.5643,0.946,0.1329,0.4304,0.2363,0.0513,2017,120
Venezuela,99,5.0532,8.9778,0.8904,66.5053,0.6233,-0.1691,0.837,2020,862
Venezuela,108,4.707,0.96,1.427,0.805,0.154,0.064,0.047,2019,862
Venezuela,102,4.806,0.996,1.469,0.657,0.133,0.056,0.052,2018,862
Venezuela,23,6.81,1.0442,1.256,0.7205,0.4291,0.0584,0.1107,2015,862
Venezuela,44,6.084,1.1337,1.033,0.619,0.1985,0.0425,0.083,2016,862
Venezuela,82,5.25,1.1284,1.4313,0.6171,0.154,0.065,0.0645,2017,862
Algeria,100,5.0051,9.538,0.8034,65.9052,0.4666,-0.1211,0.7355,2020,12
Algeria,88,5.211,1.002,1.16,0.785,0.086,0.073,0.114,2019,12
Algeria,84,5.295,0.979,1.154,0.687,0.077,0.055,0.135,2018,12
Algeria,68,5.605,0.9393,1.0777,0.6177,0.2858,0.0782,0.1738,2015,12
Algeria,38,6.355,1.0527,0.8331,0.618,0.2101,0.0704,0.1616,2016,12
Algeria,53,5.872,1.0919,1.1462,0.6176,0.2333,0.0694,0.1461,2017,12
Senegal,101,4.9808,8.119,0.7236,59.5992,0.6906,-0.0523,0.8088,2020,686
Senegal,111,4.681,0.45,1.134,0.571,0.292,0.153,0.072,2019,686
Senegal,109,4.631,0.429,1.117,0.433,0.406,0.138,0.082,2018,686
Senegal,142,3.904,0.365,0.9762,0.4354,0.3677,0.2084,0.1071,2015,686
Senegal,128,4.219,0.4431,0.7742,0.4046,0.3106,0.191,0.1168,2016,686
Senegal,115,4.535,0.4793,1.1797,0.4094,0.3779,0.1835,0.1155,2017,686
Guinea,102,4.9493,7.751,0.6376,54.4678,0.7068,0.0763,0.7618,2020,324
Guinea,118,4.534,0.38,0.829,0.375,0.332,0.207,0.086,2019,324
Guinea,140,3.964,0.344,0.792,0.211,0.394,0.185,0.094,2018,324
Guinea,150,3.656,0.1742,0.4648,0.2401,0.3772,0.2866,0.1214,2015,324
Guinea,151,3.607,0.2242,0.3109,0.1883,0.3095,0.2991,0.1192,2016,324
Guinea,149,3.507,0.2445,0.7912,0.1941,0.3486,0.2648,0.1109,2017,324
Niger,103,4.9096,6.8422,0.6174,53.5001,0.7598,0.0139,0.7225,2020,562
Niger,114,4.628,0.138,0.774,0.366,0.318,0.188,0.102,2019,562
Niger,134,4.166,0.131,0.867,0.221,0.39,0.175,0.099,2018,562
Niger,144,3.845,0.0694,0.7726,0.2971,0.4769,0.1939,0.1564,2015,562
Niger,142,3.856,0.1327,0.6053,0.2616,0.3804,0.2097,0.1718,2016,562
Niger,135,4.028,0.1619,0.993,0.2685,0.3637,0.2287,0.1386,2017,562
Laos,104,4.8886,8.7986,0.7375,58.7099,0.9072,0.1114,0.6347,2020,418
Laos,105,4.796,0.764,1.03,0.551,0.547,0.266,0.164,2019,418
Laos,110,4.623,0.72,1.034,0.441,0.626,0.23,0.174,2018,418
Laos,99,4.876,0.5907,0.738,0.5491,0.5959,0.4219,0.2425,2015,418
Laos,102,4.876,0.6804,0.5497,0.3829,0.5217,0.4308,0.2242,2016,418
Albania,105,4.8827,9.4179,0.6711,68.7081,0.782,-0.0423,0.8963,2020,8
Albania,107,4.719,0.947,0.848,0.874,0.383,0.178,0.027,2019,8
Albania,112,4.586,0.916,0.817,0.79,0.419,0.149,0.032,2018,8
Albania,95,4.959,0.8787,0.8043,0.8132,0.3573,0.1427,0.0641,2015,8
Albania,109,4.655,0.9553,0.5016,0.7301,0.3187,0.1684,0.053,2016,8
Albania,109,4.644,0.9962,0.8037,0.7312,0.3815,0.2013,0.0399,2017,8
Cambodia,106,4.8484,8.2499,0.7731,61.53,0.9597,0.0519,0.8228,2020,116
Cambodia,109,4.7,0.574,1.122,0.637,0.609,0.232,0.062,2019,116
Cambodia,120,4.433,0.549,1.088,0.457,0.696,0.256,0.065,2018,116
Cambodia,145,3.819,0.4604,0.6274,0.6111,0.6625,0.4036,0.0725,2015,116
Cambodia,140,3.907,0.556,0.5375,0.4249,0.5885,0.4034,0.0809,2016,116
Cambodia,129,4.168,0.6018,1.0062,0.4298,0.6334,0.3859,0.0681,2017,116
Bangladesh,107,4.8328,8.2871,0.6873,64.5031,0.9006,-0.0337,0.6618,2020,50
Bangladesh,125,4.456,0.562,0.928,0.723,0.527,0.166,0.143,2019,50
Bangladesh,115,4.5,0.532,0.85,0.579,0.58,0.153,0.144,2018,50
Bangladesh,109,4.694,0.3975,0.4311,0.6016,0.4082,0.2122,0.1257,2015,50
Bangladesh,110,4.643,0.5418,0.2475,0.5299,0.3978,0.1913,0.1258,2016,50
Bangladesh,110,4.608,0.5867,0.7351,0.5332,0.4784,0.1723,0.1237,2017,50
Gabon,108,4.8293,9.6805,0.7879,59.7153,0.7048,-0.2223,0.8492,2020,266
Gabon,104,4.799,1.057,1.183,0.571,0.295,0.043,0.055,2019,266
Gabon,103,4.758,1.036,1.164,0.404,0.356,0.032,0.052,2018,266
Gabon,143,3.896,1.0602,0.9053,0.4337,0.3191,0.0682,0.1109,2015,266
Gabon,134,4.121,1.1585,0.7237,0.3494,0.281,0.0624,0.0931,2016,266
Gabon,118,4.465,1.1982,1.1556,0.3566,0.3123,0.0438,0.076,2017,266
South Africa,109,4.8141,9.4034,0.8525,56.506,0.7593,-0.1098,0.8434,2020,710
South Africa,106,4.722,0.96,1.351,0.469,0.389,0.13,0.055,2019,710
South Africa,105,4.724,0.94,1.41,0.33,0.516,0.103,0.056,2018,710
South Africa,113,4.642,0.9205,1.1847,0.2769,0.3321,0.1197,0.0888,2015,710
South Africa,116,4.459,1.0242,0.9605,0.1861,0.4248,0.1366,0.0842,2016,710
South Africa,101,4.829,1.0547,1.3848,0.1871,0.4792,0.1394,0.0725,2017,710
Iraq,110,4.7848,9.6611,0.7477,59.9035,0.6332,-0.0696,0.8223,2020,368
Iraq,126,4.437,1.043,0.98,0.574,0.241,0.148,0.089,2019,368
Iraq,117,4.456,1.01,0.971,0.536,0.304,0.148,0.095,2018,368
Iraq,112,4.677,0.9855,0.8189,0.6024,0.0,0.1792,0.1379,2015,368
Iraq,112,4.575,1.0747,0.592,0.5108,0.2486,0.1959,0.1364,2016,368
Iraq,117,4.497,1.1027,0.9786,0.5012,0.2886,0.1996,0.1072,2017,368
Lebanon,111,4.7715,9.3617,0.8243,67.1066,0.5514,-0.0612,0.9023,2020,422
Lebanon,91,5.197,0.987,1.224,0.815,0.216,0.166,0.027,2019,422
Lebanon,80,5.358,0.965,1.179,0.785,0.503,0.214,0.136,2018,422
Lebanon,103,4.839,1.0256,0.8,0.8395,0.3392,0.2185,0.0458,2015,422
Lebanon,93,5.129,1.1227,0.6418,0.7617,0.2623,0.2369,0.0306,2016,422
Lebanon,88,5.225,1.075,1.1296,0.7351,0.2885,0.2645,0.0375,2017,422
Burkina Faso,112,4.7687,7.4685,0.7129,53.8895,0.6656,-0.0191,0.7398,2020,854
Burkina Faso,115,4.587,0.331,1.056,0.38,0.255,0.177,0.113,2019,854
Burkina Faso,121,4.424,0.314,1.097,0.254,0.312,0.175,0.128,2018,854
Burkina Faso,152,3.587,0.2581,0.8519,0.2712,0.3949,0.2175,0.1283,2015,854
Burkina Faso,145,3.739,0.32,0.6305,0.213,0.3337,0.2435,0.1253,2016,854
Burkina Faso,134,4.032,0.3502,1.0433,0.2158,0.3244,0.2509,0.1203,2017,854
Gambia,113,4.7506,7.3218,0.6932,55.012,0.7332,0.3432,0.6907,2020,270
Gambia,120,4.516,0.308,0.939,0.428,0.382,0.269,0.167,2019,270
Mali,114,4.7293,7.6299,0.7315,51.727,0.7116,-0.0444,0.8393,2020,466
Mali,128,4.39,0.385,1.105,0.308,0.327,0.153,0.052,2019,466
Mali,118,4.447,0.37,1.233,0.152,0.367,0.139,0.056,2018,466
Mali,138,3.995,0.2607,1.0353,0.2058,0.3886,0.188,0.1235,2015,466
Mali,135,4.073,0.3129,0.8633,0.1635,0.2754,0.2106,0.1365,2016,466
Mali,127,4.19,0.4762,1.2815,0.1694,0.3066,0.1834,0.105,2017,466
Nigeria,115,4.7241,8.5766,0.7372,49.8619,0.7596,0.0337,0.8619,2020,566
Nigeria,85,5.265,0.696,1.111,0.245,0.426,0.215,0.041,2019,566
Nigeria,91,5.155,0.689,1.172,0.048,0.462,0.201,0.032,2018,566
Nigeria,78,5.268,0.6544,0.9043,0.1601,0.3433,0.2723,0.0403,2015,566
Nigeria,103,4.875,0.7522,0.645,0.0511,0.2785,0.2322,0.0305,2016,566
Nigeria,95,5.074,0.7838,1.2158,0.0569,0.395,0.2309,0.0261,2017,566
Armenia,116,4.6768,9.1005,0.7575,66.7507,0.712,-0.1388,0.7735,2020,51
Armenia,116,4.559,0.85,1.055,0.815,0.283,0.095,0.064,2019,51
Armenia,129,4.321,0.816,0.99,0.666,0.26,0.077,0.028,2018,51
Armenia,127,4.35,0.7682,0.7771,0.7299,0.1985,0.0786,0.039,2015,51
Armenia,121,4.36,0.8609,0.6248,0.6408,0.1404,0.0779,0.0362,2016,51
Armenia,121,4.376,0.9006,1.0075,0.6375,0.1983,0.0835,0.0267,2017,51
Georgia,117,4.6726,9.2261,0.629,64.4952,0.8016,-0.2289,0.6659,2020,268
Georgia,119,4.519,0.886,0.666,0.752,0.346,0.043,0.164,2019,268
Georgia,128,4.34,0.853,0.592,0.643,0.375,0.038,0.215,2018,268
Georgia,130,4.297,0.7419,0.3856,0.7293,0.4058,0.0555,0.3833,2015,268
Georgia,126,4.252,0.8379,0.1925,0.6404,0.3246,0.0679,0.3188,2016,268
Georgia,125,4.286,0.9506,0.5706,0.6495,0.3094,0.054,0.2517,2017,268
Iran,118,4.6724,9.8137,0.6947,66.0061,0.6479,0.1179,0.7146,2020,364
Iran,117,4.548,1.1,0.842,0.785,0.305,0.27,0.125,2019,364
Iran,106,4.707,1.059,0.771,0.691,0.459,0.282,0.129,2018,364
Iran,110,4.686,1.0088,0.5445,0.698,0.3003,0.3809,0.0586,2015,364
Iran,105,4.813,1.1176,0.3886,0.6423,0.2254,0.3854,0.0557,2016,364
Iran,108,4.692,1.1569,0.7116,0.6393,0.2493,0.3872,0.0488,2017,364
Jordan,119,4.6334,9.026,0.8022,66.7998,0.751,-0.1626,0.7003,2020,400
Jordan,101,4.906,0.837,1.225,0.815,0.383,0.11,0.13,2019,400
Jordan,90,5.161,0.822,1.265,0.645,0.468,0.13,0.134,2018,400
Jordan,82,5.192,0.902,1.0539,0.6964,0.4066,0.1105,0.1429,2015,400
Jordan,80,5.303,0.9967,0.8622,0.6071,0.3602,0.1426,0.133,2016,400
Jordan,74,5.336,0.991,1.2391,0.6046,0.4184,0.1722,0.1198,2017,400
Mozambique,120,4.6236,7.0693,0.7239,54.2058,0.8645,0.0324,0.683,2020,508
Mozambique,123,4.466,0.204,0.986,0.39,0.494,0.197,0.138,2019,508
Mozambique,123,4.417,0.198,0.902,0.173,0.531,0.206,0.158,2018,508
Mozambique,94,4.971,0.0831,1.0263,0.0913,0.3404,0.2227,0.156,2015,508
Mozambique,113,4.55,0.2343,0.8707,0.1067,0.4808,0.3222,0.1794,2017,508
Kenya,121,4.583,8.0298,0.7027,60.0969,0.8297,0.2947,0.8315,2020,404
Kenya,121,4.509,0.512,0.983,0.581,0.431,0.372,0.053,2019,404
Kenya,124,4.41,0.493,1.048,0.454,0.504,0.352,0.055,2018,404
Kenya,125,4.419,0.3647,0.9988,0.4144,0.4222,0.3754,0.0584,2015,404
Kenya,122,4.356,0.5227,0.7624,0.3015,0.4058,0.4133,0.0669,2016,404
Kenya,112,4.553,0.5605,1.068,0.31,0.4528,0.4449,0.0646,2017,404
Namibia,122,4.5711,9.2031,0.8469,56.5015,0.7675,-0.1853,0.8514,2020,516
Namibia,113,4.639,0.879,1.313,0.477,0.401,0.07,0.056,2019,516
Namibia,119,4.441,0.874,1.281,0.365,0.519,0.051,0.064,2018,516
Namibia,113,4.574,0.9329,0.7036,0.3474,0.4861,0.078,0.104,2016,516
Namibia,111,4.574,0.9644,1.0985,0.3386,0.5203,0.0771,0.0931,2017,516
Ukraine,123,4.5607,9.0107,0.8789,64.6068,0.6631,-0.0309,0.9206,2020,804
Ukraine,133,4.332,0.82,1.39,0.739,0.178,0.187,0.01,2019,804
Ukraine,138,4.103,0.793,1.413,0.609,0.163,0.187,0.011,2018,804
Ukraine,111,4.681,0.7991,1.2028,0.6739,0.2512,0.1528,0.0296,2015,804
Ukraine,123,4.324,0.8729,1.0141,0.5863,0.1286,0.2036,0.0183,2016,804
Ukraine,132,4.096,0.8947,1.3945,0.5759,0.123,0.2701,0.023,2017,804
Liberia,124,4.5579,7.0544,0.7093,56.0963,0.7353,0.0423,0.8564,2020,430
Liberia,141,3.975,0.073,0.922,0.443,0.37,0.233,0.033,2019,430
Liberia,149,3.495,0.076,0.858,0.267,0.419,0.206,0.03,2018,430
Liberia,116,4.571,0.0712,0.7897,0.342,0.2853,0.2436,0.0623,2015,430
Liberia,150,3.622,0.1071,0.5035,0.2316,0.2575,0.2406,0.0485,2016,430
Liberia,148,3.533,0.119,0.8721,0.2299,0.3329,0.2665,0.0389,2017,430
Palestinian Territories,125,4.5528,8.3892,0.8253,62.25,0.6458,-0.1621,0.8242,2020,275
Palestinian Territories,110,4.696,0.657,1.247,0.672,0.225,0.103,0.066,2019,275
Palestinian Territories,104,4.743,0.642,1.217,0.602,0.266,0.086,0.076,2018,275
Palestinian Territories,108,4.715,0.5987,0.9256,0.6602,0.245,0.1125,0.129,2015,275
Palestinian Territories,108,4.754,0.6702,0.7163,0.5684,0.1774,0.1115,0.1061,2016,275
Palestinian Territories,103,4.775,0.7162,1.1556,0.5657,0.2547,0.1142,0.0893,2017,275
Uganda,126,4.432,7.5004,0.765,55.7082,0.7317,0.0995,0.8367,2020,800
Uganda,136,4.189,0.332,1.069,0.443,0.356,0.252,0.06,2019,800
Uganda,135,4.161,0.322,1.09,0.237,0.45,0.259,0.061,2018,800
Uganda,141,3.931,0.211,1.133,0.3386,0.4573,0.2907,0.0727,2015,800
Uganda,145,3.739,0.3472,0.9098,0.1962,0.4365,0.271,0.0644,2016,800
Uganda,133,4.081,0.3814,1.1298,0.2176,0.4432,0.3258,0.0571,2017,800
Chad,127,4.4227,7.468,0.6324,48.2205,0.5873,0.0178,0.8028,2020,148
Chad,132,4.35,0.35,0.766,0.192,0.174,0.198,0.078,2019,148
Chad,131,4.301,0.358,0.907,0.053,0.189,0.181,0.06,2018,148
Chad,149,3.667,0.3419,0.7606,0.1501,0.235,0.1839,0.0527,2015,148
Chad,144,3.763,0.4221,0.6318,0.0382,0.1281,0.1867,0.0495,2016,148
Chad,137,3.936,0.438,0.9539,0.0411,0.1623,0.2161,0.0536,2017,148
Tunisia,128,4.3922,9.315,0.6887,66.8979,0.5934,-0.2164,0.8676,2020,788
Tunisia,124,4.461,0.921,1.0,0.815,0.167,0.059,0.055,2019,788
Tunisia,111,4.592,0.9,0.906,0.69,0.271,0.04,0.063,2018,788
Tunisia,107,4.739,0.8811,0.6043,0.7379,0.2627,0.0643,0.0636,2015,788
Tunisia,98,5.045,0.9772,0.4316,0.5958,0.2355,0.0394,0.0817,2016,788
Tunisia,102,4.805,1.0073,0.8684,0.6132,0.2897,0.0497,0.0867,2017,788
Mauritania,129,4.3746,8.2339,0.7908,57.0102,0.5515,-0.106,0.7462,2020,478
Mauritania,122,4.49,0.57,1.167,0.489,0.066,0.106,0.088,2019,478
Mauritania,126,4.356,0.557,1.245,0.292,0.129,0.134,0.093,2018,478
Mauritania,124,4.436,0.4541,0.8691,0.3587,0.2423,0.219,0.1746,2015,478
Mauritania,130,4.201,0.6139,0.8414,0.2864,0.1268,0.2269,0.1795,2016,478
Mauritania,123,4.292,0.6485,1.272,0.2853,0.0961,0.2019,0.137,2017,478
Sri Lanka,130,4.327,9.39,0.8254,67.2001,0.8376,0.0811,0.859,2020,144
Sri Lanka,130,4.366,0.949,1.265,0.831,0.47,0.244,0.047,2019,144
Sri Lanka,116,4.471,0.918,1.314,0.672,0.585,0.307,0.05,2018,144
Sri Lanka,132,4.271,0.8352,1.019,0.7081,0.5373,0.4083,0.0918,2015,144
Sri Lanka,117,4.415,0.9732,0.8478,0.6201,0.5082,0.4698,0.0796,2016,144
Sri Lanka,120,4.44,1.0099,1.26,0.6251,0.5612,0.4909,0.0737,2017,144
Congo (Kinshasa),131,4.311,6.6943,0.6722,52.9,0.7008,0.0836,0.8094,2020,178
Congo (Kinshasa),127,4.418,0.094,1.125,0.357,0.269,0.212,0.053,2019,178
Congo (Kinshasa),132,4.245,0.069,1.136,0.204,0.312,0.197,0.052,2018,178
Congo (Kinshasa),120,4.517,0.0,1.0012,0.0981,0.226,0.2483,0.0762,2015,178
Congo (Kinshasa),125,4.272,0.0566,0.8068,0.188,0.156,0.2546,0.0608,2016,178
Congo (Kinshasa),126,4.28,0.0921,1.229,0.1914,0.236,0.2465,0.0602,2017,178
Swaziland,132,4.3081,9.1627,0.7703,51.1882,0.6468,-0.1992,0.7083,2020,748
Swaziland,135,4.212,0.811,1.149,0.0,0.313,0.074,0.135,2019,748
Swaziland,101,4.867,0.7121,1.0728,0.0757,0.3066,0.1826,0.0306,2015,748
Myanmar,133,4.308,8.6805,0.7844,58.9617,0.8951,0.5607,0.6451,2020,104
Myanmar,131,4.36,0.71,1.181,0.555,0.525,0.566,0.172,2019,104
Myanmar,130,4.308,0.682,1.174,0.429,0.58,0.598,0.178,2018,104
Myanmar,129,4.307,0.2711,0.709,0.4825,0.4402,0.7959,0.1903,2015,104
Myanmar,119,4.395,0.3411,0.6998,0.3988,0.4269,0.8197,0.2024,2016,104
Myanmar,114,4.545,0.3671,1.1232,0.3975,0.5145,0.8381,0.1888,2017,104
Comoros,134,4.2886,7.8336,0.6257,57.349,0.5476,0.09,0.7806,2020,174
Comoros,142,3.973,0.274,0.757,0.505,0.142,0.275,0.078,2019,174
Comoros,140,3.956,0.2391,0.7927,0.3631,0.2292,0.1744,0.199,2015,174
Comoros,138,3.956,0.2751,0.6032,0.2998,0.1541,0.1827,0.1844,2016,174
Togo,135,4.1872,7.3577,0.5513,54.7199,0.6498,0.0027,0.7577,2020,768
Togo,139,4.085,0.275,0.572,0.41,0.293,0.177,0.085,2019,768
Togo,139,3.999,0.259,0.474,0.253,0.434,0.158,0.101,2018,768
Togo,158,2.839,0.2087,0.14,0.2844,0.3645,0.1668,0.1073,2015,768
Togo,155,3.303,0.2812,0.0,0.2481,0.3468,0.1752,0.1159,2016,768
Togo,150,3.495,0.3054,0.4319,0.2471,0.3804,0.1969,0.0957,2017,768
Ethiopia,136,4.1862,7.5094,0.7433,58.6396,0.7408,0.0434,0.7537,2020,231
Ethiopia,134,4.286,0.336,1.033,0.532,0.344,0.209,0.1,2019,231
Ethiopia,127,4.35,0.308,0.95,0.391,0.452,0.22,0.146,2018,231
Ethiopia,122,4.512,0.1907,0.6041,0.4406,0.4345,0.2432,0.1505,2015,231
Ethiopia,115,4.508,0.2928,0.3793,0.3458,0.367,0.2952,0.1717,2016,231
Ethiopia,119,4.46,0.3392,0.8647,0.3534,0.4088,0.3127,0.1655,2017,231
Madagascar,137,4.1656,7.2817,0.6682,59.1054,0.5576,-0.0118,0.8175,2020,450
Madagascar,143,3.933,0.274,0.916,0.555,0.148,0.169,0.041,2019,450
Madagascar,143,3.774,0.262,0.908,0.402,0.221,0.155,0.049,2018,450
Madagascar,147,3.681,0.2082,0.668,0.4672,0.1918,0.2133,0.0812,2015,450
Madagascar,148,3.695,0.2795,0.4612,0.3711,0.1368,0.2204,0.0751,2016,450
Madagascar,144,3.644,0.3058,0.913,0.3752,0.1892,0.2087,0.0672,2017,450
Egypt,138,4.1514,9.3165,0.7354,61.7802,0.7084,-0.1969,0.7877,2020,818
Egypt,137,4.166,0.913,1.039,0.644,0.241,0.076,0.067,2019,818
Egypt,122,4.419,0.885,1.025,0.553,0.312,0.092,0.107,2018,818
Egypt,135,4.194,0.8818,0.747,0.6171,0.1729,0.1129,0.0632,2015,818
Egypt,120,4.362,0.954,0.4981,0.5212,0.1885,0.1271,0.1039,2016,818
Egypt,104,4.735,0.9897,0.9975,0.5202,0.2821,0.1286,0.1144,2017,818
Sierra Leone,139,3.9264,7.2688,0.6361,50.8651,0.7153,0.0887,0.8613,2020,694
Sierra Leone,129,4.374,0.268,0.841,0.242,0.309,0.252,0.045,2019,694
Sierra Leone,113,4.571,0.256,0.813,0.0,0.355,0.238,0.053,2018,694
Sierra Leone,123,4.507,0.3302,0.9557,0.0,0.4084,0.2149,0.0879,2015,694
Sierra Leone,111,4.635,0.3648,0.628,0.0,0.3068,0.239,0.082,2016,694
Sierra Leone,106,4.709,0.3684,0.9841,0.0056,0.3187,0.293,0.0711,2017,694
Burundi,140,3.7753,6.4926,0.4903,53.4,0.6264,-0.0176,0.6069,2020,108
Burundi,145,3.775,0.046,0.447,0.38,0.22,0.176,0.18,2019,108
Burundi,156,2.905,0.091,0.627,0.145,0.065,0.149,0.076,2018,108
Burundi,157,2.905,0.0153,0.4159,0.224,0.1185,0.1973,0.1006,2015,108
Burundi,157,2.905,0.0683,0.2344,0.1575,0.0432,0.2029,0.0942,2016,108
Burundi,154,2.905,0.0916,0.6298,0.1516,0.0599,0.2044,0.0841,2017,108
Zambia,141,3.7594,8.2247,0.6988,55.2994,0.8065,0.078,0.8013,2020,894
Zambia,138,4.107,0.578,1.058,0.426,0.431,0.247,0.087,2019,894
Zambia,125,4.377,0.562,1.047,0.295,0.503,0.221,0.082,2018,894
Zambia,85,5.129,0.4704,0.9161,0.2992,0.4883,0.1959,0.1247,2015,894
Zambia,106,4.795,0.612,0.6376,0.2357,0.4266,0.1787,0.1148,2016,894
Zambia,116,4.514,0.6364,1.0032,0.2578,0.4616,0.2496,0.0782,2017,894
Haiti,142,3.7208,7.4113,0.5932,55.5986,0.5378,0.4005,0.6848,2020,332
Haiti,147,3.597,0.323,0.688,0.449,0.026,0.419,0.11,2019,332
Haiti,148,3.582,0.315,0.714,0.289,0.025,0.392,0.104,2018,332
Haiti,119,4.518,0.2667,0.743,0.3885,0.2442,0.4619,0.1718,2015,332
Haiti,136,4.028,0.341,0.2956,0.2749,0.1207,0.4796,0.1448,2016,332
Haiti,145,3.603,0.3686,0.6404,0.2773,0.0304,0.4892,0.0999,2017,332
Lesotho,143,3.6528,7.9605,0.7805,48.0036,0.7381,-0.1457,0.8574,2020,426
Lesotho,144,3.802,0.489,1.169,0.168,0.359,0.107,0.093,2019,426
Lesotho,141,3.808,0.472,1.215,0.079,0.423,0.116,0.112,2018,426
Lesotho,97,4.898,0.3754,1.041,0.0761,0.3177,0.1639,0.125,2015,426
Lesotho,139,3.808,0.521,1.1901,0.0,0.3907,0.1575,0.1191,2017,426
India,144,3.5733,8.8498,0.5922,60.2152,0.8814,0.0576,0.772,2020,356
India,140,4.015,0.755,0.765,0.588,0.498,0.2,0.085,2019,356
India,133,4.19,0.721,0.747,0.485,0.539,0.172,0.093,2018,356
India,117,4.565,0.645,0.3817,0.5153,0.3979,0.2648,0.0849,2015,356
India,118,4.404,0.7404,0.2925,0.4509,0.4028,0.2503,0.0872,2016,356
India,122,4.315,0.7922,0.7544,0.4554,0.47,0.2315,0.0922,2017,356
Malawi,145,3.538,7.0622,0.544,57.5929,0.8032,0.0214,0.7317,2020,454
Malawi,150,3.41,0.191,0.56,0.495,0.443,0.218,0.089,2019,454
Malawi,147,3.587,0.186,0.541,0.306,0.531,0.21,0.08,2018,454
Malawi,131,4.292,0.016,0.4113,0.2256,0.4305,0.3313,0.0698,2015,454
Malawi,132,4.156,0.0871,0.147,0.2936,0.4143,0.3097,0.0756,2016,454
Malawi,136,3.97,0.2334,0.5126,0.3151,0.4669,0.2872,0.0727,2017,454
Yemen,146,3.5274,7.7597,0.818,56.7273,0.5999,-0.1577,0.8003,2020,887
Yemen,151,3.38,0.287,1.163,0.463,0.143,0.108,0.077,2019,887
Yemen,152,3.355,0.442,1.073,0.343,0.244,0.083,0.064,2018,887
Yemen,136,4.077,0.5465,0.6809,0.4006,0.3557,0.0913,0.0785,2015,887
Yemen,147,3.724,0.5794,0.4749,0.3105,0.2287,0.0982,0.0589,2016,887
Yemen,146,3.593,0.5917,0.9354,0.3101,0.2495,0.1041,0.0568,2017,887
Botswana,147,3.4789,9.7112,0.7791,58.9245,0.8213,-0.2504,0.7779,2020,72
Botswana,148,3.488,1.041,1.145,0.538,0.455,0.025,0.1,2019,72
Botswana,146,3.59,1.017,1.174,0.417,0.557,0.042,0.092,2018,72
Botswana,128,4.332,0.9936,1.1046,0.0478,0.495,0.1046,0.1247,2015,72
Botswana,137,3.974,1.0943,0.8919,0.3475,0.4409,0.1242,0.1077,2016,72
Botswana,142,3.766,1.1221,1.2216,0.3418,0.5052,0.0993,0.0986,2017,72
Tanzania,148,3.4762,7.9677,0.6889,57.4961,0.8215,0.1097,0.6198,2020,834
Tanzania,153,3.231,0.476,0.885,0.499,0.417,0.276,0.147,2019,834
Tanzania,153,3.303,0.455,0.991,0.381,0.481,0.27,0.097,2018,834
Tanzania,146,3.781,0.2852,1.0027,0.3822,0.3288,0.3438,0.0575,2015,834
Tanzania,149,3.666,0.4716,0.7762,0.357,0.3176,0.3147,0.051,2016,834
Tanzania,153,3.349,0.5111,1.042,0.3645,0.39,0.3543,0.066,2017,834
Central African Republic,149,3.4759,6.6252,0.3195,45.2,0.6409,0.0824,0.8918,2020,140
Central African Republic,155,3.083,0.026,0.0,0.105,0.225,0.235,0.035,2019,140
Central African Republic,155,3.083,0.024,0.0,0.01,0.305,0.218,0.038,2018,140
Central African Republic,148,3.678,0.0785,0.0,0.067,0.4888,0.2384,0.0829,2015,140
Central African Republic,155,2.693,0.0,0.0,0.0188,0.2708,0.2809,0.0566,2017,140
Rwanda,150,3.3123,7.6001,0.5408,61.0988,0.9006,0.0555,0.1835,2020,646
Rwanda,152,3.334,0.359,0.711,0.614,0.555,0.217,0.411,2019,646
Rwanda,151,3.408,0.332,0.896,0.4,0.636,0.2,0.444,2018,646
Rwanda,154,3.465,0.2221,0.7737,0.4286,0.592,0.2263,0.5519,2015,646
Rwanda,152,3.515,0.3285,0.6159,0.3186,0.5432,0.2355,0.5052,2016,646
Rwanda,151,3.471,0.3687,0.9457,0.3264,0.5818,0.2528,0.4552,2017,646
Zimbabwe,151,3.2992,7.8657,0.7631,55.6173,0.7115,-0.0721,0.8102,2020,716
Zimbabwe,146,3.663,0.366,1.114,0.433,0.361,0.151,0.089,2019,716
Zimbabwe,144,3.692,0.357,1.094,0.248,0.406,0.132,0.099,2018,716
Zimbabwe,115,4.61,0.271,1.0328,0.3348,0.2586,0.1899,0.0808,2015,716
Zimbabwe,131,4.193,0.3504,0.7148,0.1595,0.2543,0.185,0.0858,2016,716
Zimbabwe,138,3.875,0.3758,1.0831,0.1968,0.3364,0.1891,0.0954,2017,716
South Sudan,152,2.8166,7.4254,0.5537,51.0,0.4513,0.0165,0.7634,2020,728
South Sudan,156,2.853,0.306,0.575,0.295,0.01,0.202,0.091,2019,728
South Sudan,154,3.254,0.337,0.608,0.177,0.112,0.224,0.106,2018,728
South Sudan,143,3.832,0.3939,0.1852,0.1578,0.1966,0.259,0.1301,2016,728
South Sudan,147,3.591,0.3972,0.6013,0.1635,0.1471,0.2857,0.1168,2017,728
Afghanistan,153,2.5669,7.4629,0.4704,52.59,0.3966,-0.0964,0.9337,2020,4
Afghanistan,154,3.203,0.35,0.517,0.361,0.0,0.158,0.025,2019,4
Afghanistan,145,3.632,0.332,0.537,0.255,0.085,0.191,0.036,2018,4
Afghanistan,153,3.575,0.3198,0.3028,0.3034,0.2341,0.3651,0.0972,2015,4
Afghanistan,154,3.36,0.3823,0.1104,0.1734,0.1643,0.3127,0.0711,2016,4
Afghanistan,141,3.794,0.4015,0.5815,0.1807,0.1062,0.3119,0.0612,2017,4
Qatar,29,6.374,1.684,1.313,0.871,0.555,0.22,0.167,2019,634
Qatar,32,6.374,1.649,1.303,0.748,0.654,0.256,0.171,2018,634
Qatar,28,6.611,1.6904,1.0786,0.7973,0.6404,0.3257,0.5221,2015,634
Qatar,36,6.375,1.8243,0.8796,0.7172,0.5668,0.3239,0.4805,2016,634
Qatar,35,6.375,1.8708,1.2743,0.7101,0.6041,0.3305,0.4393,2017,634
Bhutan,95,5.082,0.813,1.321,0.604,0.457,0.37,0.167,2019,64
Bhutan,97,5.082,0.796,1.335,0.527,0.541,0.364,0.171,2018,64
Bhutan,79,5.253,0.7704,1.104,0.5741,0.5321,0.48,0.1544,2015,64
Bhutan,84,5.196,0.8527,0.9084,0.4976,0.4607,0.4855,0.1616,2016,64
Bhutan,97,5.011,0.8854,1.3401,0.4959,0.5015,0.4741,0.1734,2017,64
Somalia,112,4.668,0.0,0.698,0.268,0.559,0.243,0.27,2019,706
Somalia,98,4.982,0.0,0.712,0.115,0.674,0.238,0.282,2018,706
Somalia,91,5.057,0.1885,0.9515,0.4387,0.4658,0.5032,0.3993,2015,706
Somalia,76,5.44,0.0,0.3361,0.1147,0.5678,0.2722,0.3118,2016,706
Somalia,97,5.057,0.2556,0.7586,0.3311,0.3913,0.5148,0.3679,2016,706
Somalia,93,5.151,0.0226,0.7212,0.114,0.6021,0.2916,0.2824,2017,706
Syria,149,3.462,0.619,0.378,0.44,0.013,0.331,0.141,2019,760
Syria,150,3.462,0.689,0.382,0.539,0.088,0.376,0.144,2018,760
Syria,156,3.006,0.6632,0.4749,0.7219,0.1568,0.4718,0.1891,2015,760
Syria,156,3.069,0.7472,0.1487,0.6299,0.0691,0.484,0.1723,2016,760
Syria,152,3.462,0.7772,0.3961,0.5005,0.0815,0.4937,0.1513,2017,760
Belize,49,5.956,0.807,1.101,0.474,0.593,0.183,0.089,2018,84
Belize,52,5.956,0.8762,0.6866,0.4557,0.5123,0.2368,0.1077,2016,84
Belize,50,5.956,0.908,1.0814,0.4502,0.5475,0.24,0.0966,2017,84
Sudan,137,4.139,0.605,1.24,0.312,0.016,0.134,0.082,2018,729
Sudan,118,4.55,0.5211,1.014,0.3688,0.1008,0.1906,0.1466,2015,729
Sudan,133,4.139,0.6307,0.8193,0.2976,0.0,0.1808,0.1004,2016,729
Sudan,130,4.139,0.6595,1.214,0.2909,0.015,0.1823,0.0898,2017,729
Angola,142,3.795,0.73,1.125,0.269,0.0,0.079,0.061,2018,24
Angola,137,4.033,0.7578,0.8604,0.1668,0.1038,0.1234,0.0712,2015,24
Angola,141,3.866,0.8473,0.6637,0.0499,0.0059,0.1207,0.0843,2016,24
Angola,140,3.795,0.8584,1.1044,0.0499,0.0,0.0979,0.0697,2017,24
Oman,22,6.853,1.3601,1.0818,0.7628,0.6327,0.2154,0.3252,2015,512
Suriname,40,6.269,0.9953,0.972,0.6082,0.5966,0.1699,0.1363,2015,740
Suriname,40,6.269,1.0969,0.7787,0.5093,0.5223,0.1666,0.1269,2016,740
Djibouti,126,4.369,0.4402,0.5921,0.3629,0.4607,0.1809,0.281,2015,262
Puerto Rico,15,7.039,1.3594,1.0811,0.7776,0.4682,0.222,0.1228,2016,630
